paper_rank,paper_id,paper_status,order_endpoints_allowed,capital_usdt,notional_pct,strategy_id,side,entry_family,entry_description,entry_params,exit_id,exit_mode,tp_atr,sl_atr,tp_pct,sl_pct,tp2_pct,leg1_fraction,trail_pct,confirm_bars,time_stop_bars,coverage_grade,result_grade,universe_size,eligible_symbols,opportunity_symbols,traded_symbols,traded_over_eligible,traded_over_opportunity,top_symbol_share,top_5_symbol_share,unique_days,train_traded_symbols,dev_traded_symbols,final_holdout_traded_symbols,raw_trades,raw_mean_pct,raw_wr,monthly,sum_return_pct,train_mean_pct,train_wr,dev_mean_pct,dev_wr,final_holdout_mean_pct,final_holdout_wr,portfolio_5_max_dd_pct,portfolio_5_sum_pct,portfolio_5_closed_trades,portfolio_10_max_dd_pct,portfolio_10_sum_pct,portfolio_10_closed_trades,with_bwe_trades,with_bwe_mean_pct,with_bwe_wr,bwe_dependent,signals,selected_symbols_count,mps,period_cap,model_seed,base_target_pct,base_adverse_floor,source_file,entry_key,worst_split_mean_pct,hard_gate_recalc,paper_priority_score
1,V8P_LONG_01,paper_shadow_signal_only_queued,False,1000.0,0.075,L_LIVEF_T8_A4_S1706_SEL125_MPS3_ALL_P30C3__trail_tp8.0_tp250.0_sl10.0_tr8.0_f0.25_c1_t1440,long,long_live_aligned_symbol_quota_filter,"Targeted exact pass entry: symbol quota with 30d per-symbol cap, train+dev calibrated.","{""adverse_floor"": -4.0, ""diversity_tag"": ""P30C3"", ""filter_tag"": ""ALL"", ""horizon_bars"": 288, ""model_epochs"": 32, ""model_seed"": 1706, ""monthly_per_symbol"": 3.0, ""period_cap"": 3, ""period_days"": 30, ""picks_per_symbol_train_dev"": 3, ""selected_symbols"": 125, ""target_pct"": 8.0}",trail_tp8.0_tp250.0_sl10.0_tr8.0_f0.25_c1_t1440,scaleout_trail_pct,0.0,0.0,8.0,10.0,50.0,0.25,8.0,1.0,1440.0,strong-general,CANDIDATE,498.0,498.0,125.0,125,0.251004016064257,1.0,0.008,0.04,25.0,114.0,44.0,1.0,375,6.976485729217529,0.8693333333333333,362.5215387025309,2616.18212890625,7.444772720336914,0.8805460750853242,5.171764373779297,0.825,10.56121826171875,1.0,-14.858509197912518,625.1342647224665,117.0,-11.99391413260792,1115.6208537220955,179.0,0.0,0.0,0.0,False,390.0,125.0,3.0,3.0,1706.0,8.0,-4.0,strict_long_t8a4_s1706_pass_entries_exit_sweep.csv,L_LIVEF_T8_A4_S1706_SEL125_MPS3_ALL_P30C3,5.171764373779297,True,30.547702905248926
2,V8P_LONG_02,paper_shadow_signal_only_queued,False,1000.0,0.075,L_LIVEF_T8_A4_S1706_SEL125_MPS3_ALL_P30C3__trail_tp8.0_tp250.0_sl10.0_tr8.0_f0.15_c1_t1440,long,long_live_aligned_symbol_quota_filter,"Targeted exact pass entry: symbol quota with 30d per-symbol cap, train+dev calibrated.","{""adverse_floor"": -4.0, ""diversity_tag"": ""P30C3"", ""filter_tag"": ""ALL"", ""horizon_bars"": 288, ""model_epochs"": 32, ""model_seed"": 1706, ""monthly_per_symbol"": 3.0, ""period_cap"": 3, ""period_days"": 30, ""picks_per_symbol_train_dev"": 3, ""selected_symbols"": 125, ""target_pct"": 8.0}",trail_tp8.0_tp250.0_sl10.0_tr8.0_f0.15_c1_t1440,scaleout_trail_pct,0.0,0.0,8.0,10.0,50.0,0.15,8.0,1.0,1440.0,strong-general,CANDIDATE,498.0,498.0,125.0,125,0.251004016064257,1.0,0.008,0.04,25.0,114.0,44.0,1.0,375,7.035322189331055,0.8693333333333333,362.5215387025309,2638.245849609375,7.520802974700928,0.8805460750853242,5.160745620727539,0.825,10.895492553710938,1.0,-15.166263387874356,625.7451239973307,117.0,-12.042879452861287,1127.8649641871452,179.0,0.0,0.0,0.0,False,390.0,125.0,3.0,3.0,1706.0,8.0,-4.0,strict_long_t8a4_s1706_pass_entries_exit_sweep.csv,L_LIVEF_T8_A4_S1706_SEL125_MPS3_ALL_P30C3,5.160745620727539,True,31.205232736181543
3,V8P_LONG_03,paper_shadow_signal_only_queued,False,1000.0,0.075,L_LIVEF_T8_A4_S1706_SEL125_MPS3_ALL_P30C3__trail_tp8.0_tp230.0_sl10.0_tr8.0_f0.25_c1_t1440,long,long_live_aligned_symbol_quota_filter,"Targeted exact pass entry: symbol quota with 30d per-symbol cap, train+dev calibrated.","{""adverse_floor"": -4.0, ""diversity_tag"": ""P30C3"", ""filter_tag"": ""ALL"", ""horizon_bars"": 288, ""model_epochs"": 32, ""model_seed"": 1706, ""monthly_per_symbol"": 3.0, ""period_cap"": 3, ""period_days"": 30, ""picks_per_symbol_train_dev"": 3, ""selected_symbols"": 125, ""target_pct"": 8.0}",trail_tp8.0_tp230.0_sl10.0_tr8.0_f0.25_c1_t1440,scaleout_trail_pct,0.0,0.0,8.0,10.0,30.0,0.25,8.0,1.0,1440.0,strong-general,CANDIDATE,498.0,498.0,125.0,125,0.251004016064257,1.0,0.008,0.04,25.0,114.0,44.0,1.0,375,7.139644622802734,0.8693333333333333,362.5215387025309,2677.36669921875,7.657553195953369,0.8805460750853242,5.157266139984131,0.825,10.56121826171875,1.0,-14.858509197912518,638.3266399055719,117.0,-11.993914132607909,1143.0764444470406,181.0,0.0,0.0,0.0,False,390.0,125.0,3.0,3.0,1706.0,8.0,-4.0,strict_long_t8a4_s1706_pass_entries_exit_sweep.csv,L_LIVEF_T8_A4_S1706_SEL125_MPS3_ALL_P30C3,5.157266139984131,True,30.53320467145376
4,V8P_LONG_04,paper_shadow_signal_only_queued,False,1000.0,0.075,L_LIVEF_T8_A4_S1706_SEL125_MPS3_ALL_P30C3__trail_tp8.0_tp250.0_sl10.0_tr8.0_f0.1_c1_t1440,long,long_live_aligned_symbol_quota_filter,"Targeted exact pass entry: symbol quota with 30d per-symbol cap, train+dev calibrated.","{""adverse_floor"": -4.0, ""diversity_tag"": ""P30C3"", ""filter_tag"": ""ALL"", ""horizon_bars"": 288, ""model_epochs"": 32, ""model_seed"": 1706, ""monthly_per_symbol"": 3.0, ""period_cap"": 3, ""period_days"": 30, ""picks_per_symbol_train_dev"": 3, ""selected_symbols"": 125, ""target_pct"": 8.0}",trail_tp8.0_tp250.0_sl10.0_tr8.0_f0.1_c1_t1440,scaleout_trail_pct,0.0,0.0,8.0,10.0,50.0,0.1,8.0,1.0,1440.0,strong-general,CANDIDATE,498.0,498.0,125.0,125,0.251004016064257,1.0,0.008,0.04,25.0,114.0,44.0,1.0,375,7.06473970413208,0.8693333333333333,362.5215387025309,2649.27734375,7.558816909790039,0.8805460750853242,5.15523624420166,0.825,11.062629699707031,1.0,-15.320140097186796,626.0505246669054,117.0,-12.067362503056644,1133.986958861351,179.0,0.0,0.0,0.0,False,390.0,125.0,3.0,3.0,1706.0,8.0,-4.0,strict_long_t8a4_s1706_pass_entries_exit_sweep.csv,L_LIVEF_T8_A4_S1706_SEL125_MPS3_ALL_P30C3,5.15523624420166,True,31.53399765164785
5,V8P_LONG_05,paper_shadow_signal_only_queued,False,1000.0,0.075,L_LIVEF_T8_A4_S1706_SEL125_MPS3_ALL_P30C3__trail_tp8.0_tp230.0_sl10.0_tr8.0_f0.15_c1_t1440,long,long_live_aligned_symbol_quota_filter,"Targeted exact pass entry: symbol quota with 30d per-symbol cap, train+dev calibrated.","{""adverse_floor"": -4.0, ""diversity_tag"": ""P30C3"", ""filter_tag"": ""ALL"", ""horizon_bars"": 288, ""model_epochs"": 32, ""model_seed"": 1706, ""monthly_per_symbol"": 3.0, ""period_cap"": 3, ""period_days"": 30, ""picks_per_symbol_train_dev"": 3, ""selected_symbols"": 125, ""target_pct"": 8.0}",trail_tp8.0_tp230.0_sl10.0_tr8.0_f0.15_c1_t1440,scaleout_trail_pct,0.0,0.0,8.0,10.0,30.0,0.15,8.0,1.0,1440.0,strong-general,CANDIDATE,498.0,498.0,125.0,125,0.251004016064257,1.0,0.008,0.04,25.0,114.0,44.0,1.0,375,7.220235824584961,0.8693333333333333,362.5215387025309,2707.58837890625,7.761952877044678,0.8805460750853242,5.144314289093018,0.825,10.895492553710938,1.0,-15.166263387874356,640.696486607194,117.0,-12.042879452861287,1156.7945584654808,181.0,0.0,0.0,0.0,False,390.0,125.0,3.0,3.0,1706.0,8.0,-4.0,strict_long_t8a4_s1706_pass_entries_exit_sweep.csv,L_LIVEF_T8_A4_S1706_SEL125_MPS3_ALL_P30C3,5.144314289093018,True,31.18880140454702
6,V8P_LONG_06,paper_shadow_signal_only_queued,False,1000.0,0.075,L_LIVEF_T8_A4_S1706_SEL175_MPS2_ALL_P30C2__trail_tp8.0_tp230.0_sl8.0_tr8.0_f0.1_c1_t1440,long,long_live_aligned_symbol_quota_filter,"Targeted exact pass entry: symbol quota with 30d per-symbol cap, train+dev calibrated.","{""adverse_floor"": -4.0, ""diversity_tag"": ""P30C2"", ""filter_tag"": ""ALL"", ""horizon_bars"": 288, ""model_epochs"": 32, ""model_seed"": 1706, ""monthly_per_symbol"": 2.0, ""period_cap"": 2, ""period_days"": 30, ""picks_per_symbol_train_dev"": 2, ""selected_symbols"": 175, ""target_pct"": 8.0}",trail_tp8.0_tp230.0_sl8.0_tr8.0_f0.1_c1_t1440,scaleout_trail_pct,0.0,0.0,8.0,8.0,30.0,0.1,8.0,1.0,1440.0,strong-general,CANDIDATE,498.0,498.0,175.0,175,0.3514056224899598,1.0,0.0057306590257879,0.0286532951289398,25.0,153.0,57.0,1.0,349,5.925386905670166,0.7621776504297995,337.3867120191554,2067.9599609375,6.489731788635254,0.7843866171003717,3.847395181655884,0.6794871794871795,11.062629699707031,1.0,-19.4500504499899,607.4604699313641,127.0,-21.40382041395025,1032.90387737751,201.0,0.0,0.0,0.0,False,361.0,175.0,2.0,2.0,1706.0,8.0,-4.0,strict_long_t8a4_s1706_pass_entries_exit_sweep.csv,L_LIVEF_T8_A4_S1706_SEL175_MPS2_ALL_P30C2,3.847395181655884,True,30.16554936939229
7,V8P_LONG_07,paper_shadow_signal_only_queued,False,1000.0,0.075,L_LIVEF_T8_A4_S1706_SEL175_MPS2_ALL_P30C2__trail_tp8.0_tp230.0_sl8.0_tr8.0_f0.15_c1_t1440,long,long_live_aligned_symbol_quota_filter,"Targeted exact pass entry: symbol quota with 30d per-symbol cap, train+dev calibrated.","{""adverse_floor"": -4.0, ""diversity_tag"": ""P30C2"", ""filter_tag"": ""ALL"", ""horizon_bars"": 288, ""model_epochs"": 32, ""model_seed"": 1706, ""monthly_per_symbol"": 2.0, ""period_cap"": 2, ""period_days"": 30, ""picks_per_symbol_train_dev"": 2, ""selected_symbols"": 175, ""target_pct"": 8.0}",trail_tp8.0_tp230.0_sl8.0_tr8.0_f0.15_c1_t1440,scaleout_trail_pct,0.0,0.0,8.0,8.0,30.0,0.15,8.0,1.0,1440.0,strong-general,CANDIDATE,498.0,498.0,175.0,175,0.3514056224899598,1.0,0.0057306590257879,0.0286532951289398,25.0,153.0,57.0,1.0,349,5.867331504821777,0.7621776504297995,337.3867120191554,2047.69873046875,6.423096656799316,0.7843866171003717,3.821724176406861,0.6794871794871795,10.895492553710938,1.0,-19.145305774054,601.1294868886471,127.0,-21.17294415648875,1019.519016802311,201.0,0.0,0.0,0.0,False,361.0,175.0,2.0,2.0,1706.0,8.0,-4.0,strict_long_t8a4_s1706_pass_entries_exit_sweep.csv,L_LIVEF_T8_A4_S1706_SEL175_MPS2_ALL_P30C2,3.821724176406861,True,29.80560407215108
8,V8P_LONG_08,paper_shadow_signal_only_queued,False,1000.0,0.075,L_LIVEF_T8_A4_S1706_SEL175_MPS2_ALL_P30C2__trail_tp8.0_tp230.0_sl10.0_tr8.0_f0.1_c1_t1440,long,long_live_aligned_symbol_quota_filter,"Targeted exact pass entry: symbol quota with 30d per-symbol cap, train+dev calibrated.","{""adverse_floor"": -4.0, ""diversity_tag"": ""P30C2"", ""filter_tag"": ""ALL"", ""horizon_bars"": 288, ""model_epochs"": 32, ""model_seed"": 1706, ""monthly_per_symbol"": 2.0, ""period_cap"": 2, ""period_days"": 30, ""picks_per_symbol_train_dev"": 2, ""selected_symbols"": 175, ""target_pct"": 8.0}",trail_tp8.0_tp230.0_sl10.0_tr8.0_f0.1_c1_t1440,scaleout_trail_pct,0.0,0.0,8.0,10.0,30.0,0.1,8.0,1.0,1440.0,strong-general,CANDIDATE,498.0,498.0,175.0,175,0.3514056224899598,1.0,0.0057306590257879,0.0286532951289398,25.0,153.0,57.0,1.0,349,6.008433818817139,0.7650429799426934,337.3867120191554,2096.943359375,6.61360502243042,0.7881040892193308,3.791776657104492,0.6794871794871795,11.062629699707031,1.0,-16.59156759979562,634.2313453257084,124.0,-16.420283645683842,1056.5450993925333,197.0,0.0,0.0,0.0,False,361.0,175.0,2.0,2.0,1706.0,8.0,-4.0,strict_long_t8a4_s1706_pass_entries_exit_sweep.csv,L_LIVEF_T8_A4_S1706_SEL175_MPS2_ALL_P30C2,3.791776657104492,True,30.11422883911024
9,V8P_LONG_09,paper_shadow_signal_only_queued,False,1000.0,0.075,L_LIVEF_T8_A4_S1706_SEL175_MPS2_ALL_P30C2__trail_tp8.0_tp230.0_sl8.0_tr8.0_f0.25_c1_t1440,long,long_live_aligned_symbol_quota_filter,"Targeted exact pass entry: symbol quota with 30d per-symbol cap, train+dev calibrated.","{""adverse_floor"": -4.0, ""diversity_tag"": ""P30C2"", ""filter_tag"": ""ALL"", ""horizon_bars"": 288, ""model_epochs"": 32, ""model_seed"": 1706, ""monthly_per_symbol"": 2.0, ""period_cap"": 2, ""period_days"": 30, ""picks_per_symbol_train_dev"": 2, ""selected_symbols"": 175, ""target_pct"": 8.0}",trail_tp8.0_tp230.0_sl8.0_tr8.0_f0.25_c1_t1440,scaleout_trail_pct,0.0,0.0,8.0,8.0,30.0,0.25,8.0,1.0,1440.0,strong-general,CANDIDATE,498.0,498.0,175.0,175,0.3514056224899598,1.0,0.0057306590257879,0.0286532951289398,25.0,153.0,57.0,1.0,349,5.751219272613525,0.7621776504297995,337.3867120191554,2007.175537109375,6.2898268699646,0.7843866171003717,3.7703821659088135,0.6794871794871795,10.56121826171875,1.0,-18.535346018776263,588.467450350523,127.0,-20.71119164156574,992.7491800189018,201.0,0.0,0.0,0.0,False,361.0,175.0,2.0,2.0,1706.0,8.0,-4.0,strict_long_t8a4_s1706_pass_entries_exit_sweep.csv,L_LIVEF_T8_A4_S1706_SEL175_MPS2_ALL_P30C2,3.7703821659088135,True,29.08571347766866
10,V8P_LONG_10,paper_shadow_signal_only_queued,False,1000.0,0.075,L_LIVEF_T8_A4_S1706_SEL175_MPS2_ALL_P30C2__trail_tp8.0_tp230.0_sl10.0_tr8.0_f0.15_c1_t1440,long,long_live_aligned_symbol_quota_filter,"Targeted exact pass entry: symbol quota with 30d per-symbol cap, train+dev calibrated.","{""adverse_floor"": -4.0, ""diversity_tag"": ""P30C2"", ""filter_tag"": ""ALL"", ""horizon_bars"": 288, ""model_epochs"": 32, ""model_seed"": 1706, ""monthly_per_symbol"": 2.0, ""period_cap"": 2, ""period_days"": 30, ""picks_per_symbol_train_dev"": 2, ""selected_symbols"": 175, ""target_pct"": 8.0}",trail_tp8.0_tp230.0_sl10.0_tr8.0_f0.15_c1_t1440,scaleout_trail_pct,0.0,0.0,8.0,10.0,30.0,0.15,8.0,1.0,1440.0,strong-general,CANDIDATE,498.0,498.0,175.0,175,0.3514056224899598,1.0,0.0057306590257879,0.0286532951289398,25.0,153.0,57.0,1.0,349,5.950379371643066,0.7650429799426934,337.3867120191554,2076.682373046875,6.546970367431641,0.7881040892193308,3.766105175018311,0.6794871794871795,10.895492553710938,1.0,-16.310396397146153,628.3449938595295,124.0,-16.420283645683853,1043.084364488721,197.0,0.0,0.0,0.0,False,361.0,175.0,2.0,2.0,1706.0,8.0,-4.0,strict_long_t8a4_s1706_pass_entries_exit_sweep.csv,L_LIVEF_T8_A4_S1706_SEL175_MPS2_ALL_P30C2,3.766105175018311,True,29.75428306503187
11,V8P_SHORT_01,paper_shadow_signal_only_queued,False,1000.0,0.075,S_PREMOON_T5_A8_MW0.9_MPS1_P1_SEL190_min_funding_z0.35_min_oi60_z-0.2_min_ret60_z1_XP60__trail_tp8.0_tp230.0_sl10.0_tr8.0_f0.25_c1_t1440,short,short_premoon_hybrid_model,,"{""adverse_floor"": -8.0, ""extra_pick_symbols"": 60.0, ""horizon_bars"": 288.0, ""min_funding_z"": 0.35, ""min_oi60_z"": -0.2, ""min_ret60_z"": 1.0, ""model_weight"": 0.9, ""monthly_per_symbol"": 1.0, ""picks_per_symbol_train_dev"": 1.0, ""requested_extra_pick_symbols"": 60.0, ""selected_symbols"": 190.0, ""target_pct"": 5.0}",trail_tp8.0_tp230.0_sl10.0_tr8.0_f0.25_c1_t1440,,,,,,,,,,,strong-general,CANDIDATE,,,,190,0.3815261044176707,,0.0470219435736677,0.1755485893416928,,,,,319,6.116657257080078,0.9310344827586208,309.51396999371127,1951.213623046875,6.2467041015625,,6.0186052322387695,,5.81589937210083,0.8904109589041096,,,,,,,,,,,,,,,,,,premoon_hybrid_leaderboard_short_distribution_extra_pick_sel190_195.csv,S_PREMOON_T5_A8_MW0.9_MPS1_P1_SEL190_min_funding_z0.35_min_oi60_z-0.2_min_ret60_z1_XP60,5.81589937210083,True,20.91000752484748
12,V8P_SHORT_02,paper_shadow_signal_only_queued,False,1000.0,0.075,S_PREMOON_T5_A8_MW0.9_MPS1_P1_SEL190_min_funding_z0.35_min_oi60_z0_min_ret60_z1_XP60__trail_tp8.0_tp230.0_sl10.0_tr8.0_f0.25_c1_t1440,short,short_premoon_hybrid_model,,"{""adverse_floor"": -8.0, ""extra_pick_symbols"": 60.0, ""horizon_bars"": 288.0, ""min_funding_z"": 0.35, ""min_oi60_z"": 0.0, ""min_ret60_z"": 1.0, ""model_weight"": 0.9, ""monthly_per_symbol"": 1.0, ""picks_per_symbol_train_dev"": 1.0, ""requested_extra_pick_symbols"": 60.0, ""selected_symbols"": 190.0, ""target_pct"": 5.0}",trail_tp8.0_tp230.0_sl10.0_tr8.0_f0.25_c1_t1440,,,,,,,,,,,strong-general,CANDIDATE,,,,190,0.3815261044176707,,0.0440251572327044,0.1729559748427672,,,,,318,6.106749534606934,0.9308176100628932,308.5437067648909,1941.9462890625,6.212409973144531,,6.300251007080078,,5.693279266357422,0.8888888888888888,,,,,,,,,,,,,,,,,,premoon_hybrid_leaderboard_short_distribution_extra_pick_sel190_195.csv,S_PREMOON_T5_A8_MW0.9_MPS1_P1_SEL190_min_funding_z0.35_min_oi60_z0_min_ret60_z1_XP60,5.693279266357422,True,20.55361971920563
13,V8P_SHORT_03,paper_shadow_signal_only_queued,False,1000.0,0.075,S_PREMOON_T5_A8_MW0.9_MPS1_P1_SEL190_min_funding_z0.4_min_oi60_z-0.2_min_ret60_z1_XP60__trail_tp8.0_tp230.0_sl10.0_tr8.0_f0.25_c1_t1440,short,short_premoon_hybrid_model,,"{""adverse_floor"": -8.0, ""extra_pick_symbols"": 60.0, ""horizon_bars"": 288.0, ""min_funding_z"": 0.4, ""min_oi60_z"": -0.2, ""min_ret60_z"": 1.0, ""model_weight"": 0.9, ""monthly_per_symbol"": 1.0, ""picks_per_symbol_train_dev"": 1.0, ""requested_extra_pick_symbols"": 60.0, ""selected_symbols"": 190.0, ""target_pct"": 5.0}",trail_tp8.0_tp230.0_sl10.0_tr8.0_f0.25_c1_t1440,,,,,,,,,,,strong-general,CANDIDATE,,,,190,0.3815261044176707,,0.0477707006369426,0.1687898089171974,,,,,314,6.08668327331543,0.9171974522292994,304.6626538496092,1911.218505859375,6.19001054763794,,6.303791522979736,,5.637582778930664,0.8529411764705882,,,,,,,,,,,,,,,,,,premoon_hybrid_leaderboard_short_distribution_extra_pick_sel190_195.csv,S_PREMOON_T5_A8_MW0.9_MPS1_P1_SEL190_min_funding_z0.4_min_oi60_z-0.2_min_ret60_z1_XP60,5.637582778930664,True,20.26743045981387
14,V8P_SHORT_04,paper_shadow_signal_only_queued,False,1000.0,0.075,S_PREMOON_T5_A8_MW0.9_MPS1_P1_SEL195_min_funding_z0.35_min_oi60_z-0.2_min_ret60_z1_XP50__scale_tp8.0_tp250.0_sl6.0_f0.25_c1_t1440,short,short_premoon_hybrid_model,,"{""adverse_floor"": -8.0, ""extra_pick_symbols"": 50.0, ""horizon_bars"": 288.0, ""min_funding_z"": 0.35, ""min_oi60_z"": -0.2, ""min_ret60_z"": 1.0, ""model_weight"": 0.9, ""monthly_per_symbol"": 1.0, ""picks_per_symbol_train_dev"": 1.0, ""requested_extra_pick_symbols"": 50.0, ""selected_symbols"": 195.0, ""target_pct"": 5.0}",scale_tp8.0_tp250.0_sl6.0_f0.25_c1_t1440,,,,,,,,,,,strong-general,CANDIDATE,,,,195,0.3915662650602409,,0.0474683544303797,0.1772151898734177,,,,,316,5.60472297668457,0.8512658227848101,306.60318030725006,1771.092529296875,5.495291709899902,,5.57273530960083,,5.911961555480957,0.8133333333333334,,,,,,,,,,,,,,,,,,premoon_hybrid_leaderboard_short_distribution_extra_pick_sel190_195.csv,S_PREMOON_T5_A8_MW0.9_MPS1_P1_SEL195_min_funding_z0.35_min_oi60_z-0.2_min_ret60_z1_XP50,5.495291709899902,True,20.428099219214722
15,V8P_SHORT_05,paper_shadow_signal_only_queued,False,1000.0,0.075,S_PREMOON_T5_A8_MW0.9_MPS1_P1_SEL195_min_funding_z0.35_min_oi60_z-0.2_min_ret60_z1_XP60__scale_tp8.0_tp250.0_sl6.0_f0.25_c1_t1440,short,short_premoon_hybrid_model,,"{""adverse_floor"": -8.0, ""extra_pick_symbols"": 60.0, ""horizon_bars"": 288.0, ""min_funding_z"": 0.35, ""min_oi60_z"": -0.2, ""min_ret60_z"": 1.0, ""model_weight"": 0.9, ""monthly_per_symbol"": 1.0, ""picks_per_symbol_train_dev"": 1.0, ""requested_extra_pick_symbols"": 60.0, ""selected_symbols"": 195.0, ""target_pct"": 5.0}",scale_tp8.0_tp250.0_sl6.0_f0.25_c1_t1440,,,,,,,,,,,strong-general,CANDIDATE,,,,195,0.3915662650602409,,0.0460122699386503,0.1717791411042944,,,,,326,5.612342357635498,0.8496932515337423,316.30581259545414,1829.62353515625,5.487607002258301,,5.683984756469727,,5.911961555480957,0.8133333333333334,,,,,,,,,,,,,,,,,,premoon_hybrid_leaderboard_short_distribution_extra_pick_sel190_195.csv,S_PREMOON_T5_A8_MW0.9_MPS1_P1_SEL195_min_funding_z0.35_min_oi60_z-0.2_min_ret60_z1_XP60,5.487607002258301,True,20.442712018756474
16,V8P_SHORT_06,paper_shadow_signal_only_queued,False,1000.0,0.075,S_PREMOON_T5_A8_MW0.9_MPS1_P1_SEL195_min_funding_z0.35_min_oi60_z0_min_ret60_z1_XP50__scale_tp8.0_tp250.0_sl6.0_f0.25_c1_t1440,short,short_premoon_hybrid_model,,"{""adverse_floor"": -8.0, ""extra_pick_symbols"": 50.0, ""horizon_bars"": 288.0, ""min_funding_z"": 0.35, ""min_oi60_z"": 0.0, ""min_ret60_z"": 1.0, ""model_weight"": 0.9, ""monthly_per_symbol"": 1.0, ""picks_per_symbol_train_dev"": 1.0, ""requested_extra_pick_symbols"": 50.0, ""selected_symbols"": 195.0, ""target_pct"": 5.0}",scale_tp8.0_tp250.0_sl6.0_f0.25_c1_t1440,,,,,,,,,,,strong-general,CANDIDATE,,,,195,0.3915662650602409,,0.0444444444444444,0.1746031746031746,,,,,315,5.5447492599487305,0.8476190476190476,305.6329170784296,1746.595947265625,5.437598705291748,,5.61336088180542,,5.7939534187316895,0.8108108108108109,,,,,,,,,,,,,,,,,,premoon_hybrid_leaderboard_short_distribution_extra_pick_sel190_195.csv,S_PREMOON_T5_A8_MW0.9_MPS1_P1_SEL195_min_funding_z0.35_min_oi60_z0_min_ret60_z1_XP50,5.437598705291748,True,20.137848091844663
17,V8P_SHORT_07,paper_shadow_signal_only_queued,False,1000.0,0.075,S_PREMOON_T5_A8_MW0.9_MPS1_P1_SEL195_min_funding_z0.35_min_oi60_z0_min_ret60_z1_XP60__scale_tp8.0_tp250.0_sl6.0_f0.25_c1_t1440,short,short_premoon_hybrid_model,,"{""adverse_floor"": -8.0, ""extra_pick_symbols"": 60.0, ""horizon_bars"": 288.0, ""min_funding_z"": 0.35, ""min_oi60_z"": 0.0, ""min_ret60_z"": 1.0, ""model_weight"": 0.9, ""monthly_per_symbol"": 1.0, ""picks_per_symbol_train_dev"": 1.0, ""requested_extra_pick_symbols"": 60.0, ""selected_symbols"": 195.0, ""target_pct"": 5.0}",scale_tp8.0_tp250.0_sl6.0_f0.25_c1_t1440,,,,,,,,,,,strong-general,CANDIDATE,,,,195,0.3915662650602409,,0.043076923076923,0.1692307692307692,,,,,325,5.493296146392822,0.8430769230769231,315.3355493666337,1785.3212890625,5.37824010848999,,5.532436370849609,,5.7939534187316895,0.8108108108108109,,,,,,,,,,,,,,,,,,premoon_hybrid_leaderboard_short_distribution_extra_pick_sel190_195.csv,S_PREMOON_T5_A8_MW0.9_MPS1_P1_SEL195_min_funding_z0.35_min_oi60_z0_min_ret60_z1_XP60,5.37824010848999,True,20.095900972454384
18,V8P_SHORT_08,paper_shadow_signal_only_queued,False,1000.0,0.075,S_PREMOON_T5_A8_MW0.9_MPS1_P1_SEL190_min_funding_z0.35_min_oi60_z0.2_min_ret60_z1_XP60__scale_tp8.0_tp250.0_sl6.0_f0.25_c1_t1440,short,short_premoon_hybrid_model,,"{""adverse_floor"": -8.0, ""extra_pick_symbols"": 60.0, ""horizon_bars"": 288.0, ""min_funding_z"": 0.35, ""min_oi60_z"": 0.2, ""min_ret60_z"": 1.0, ""model_weight"": 0.9, ""monthly_per_symbol"": 1.0, ""picks_per_symbol_train_dev"": 1.0, ""requested_extra_pick_symbols"": 60.0, ""selected_symbols"": 190.0, ""target_pct"": 5.0}",scale_tp8.0_tp250.0_sl6.0_f0.25_c1_t1440,,,,,,,,,,,strong-general,CANDIDATE,,,,190,0.3815261044176707,,0.0414012738853503,0.1656050955414012,,,,,314,5.419342517852783,0.8439490445859873,304.6626538496092,1701.673583984375,5.301884174346924,,5.412377834320068,,5.777644634246826,0.8235294117647058,,,,,,,,,,,,,,,,,,premoon_hybrid_leaderboard_short_distribution_extra_pick_sel190_195.csv,S_PREMOON_T5_A8_MW0.9_MPS1_P1_SEL190_min_funding_z0.35_min_oi60_z0.2_min_ret60_z1_XP60,5.301884174346924,True,20.039225367286207
19,V8P_SHORT_09,paper_shadow_signal_only_queued,False,1000.0,0.075,S_PREMOON_T5_A8_MW0.9_MPS1_P1_SEL190_min_funding_z0.35_min_oi60_z-0.2_min_ret60_z1_XP60__trail_tp8.0_tp250.0_sl10.0_tr8.0_f0.25_c1_t1440,short,short_premoon_hybrid_model,,"{""adverse_floor"": -8.0, ""extra_pick_symbols"": 60.0, ""horizon_bars"": 288.0, ""min_funding_z"": 0.35, ""min_oi60_z"": -0.2, ""min_ret60_z"": 1.0, ""model_weight"": 0.9, ""monthly_per_symbol"": 1.0, ""picks_per_symbol_train_dev"": 1.0, ""requested_extra_pick_symbols"": 60.0, ""selected_symbols"": 190.0, ""target_pct"": 5.0}",trail_tp8.0_tp250.0_sl10.0_tr8.0_f0.25_c1_t1440,,,,,,,,,,,strong-general,CANDIDATE,,,,190,0.3815261044176707,,0.0470219435736677,0.1755485893416928,,,,,319,6.116657257080078,0.9310344827586208,309.51396999371127,1951.213623046875,6.2467041015625,,6.0186052322387695,,5.81589937210083,0.8904109589041096,,,,,,,,,,,,,,,,,,premoon_hybrid_leaderboard_short_distribution_extra_pick_sel190_195.csv,S_PREMOON_T5_A8_MW0.9_MPS1_P1_SEL190_min_funding_z0.35_min_oi60_z-0.2_min_ret60_z1_XP60,5.81589937210083,True,20.91000752484748
20,V8P_SHORT_10,paper_shadow_signal_only_queued,False,1000.0,0.075,S_PREMOON_T5_A8_MW0.9_MPS1_P1_SEL190_min_funding_z0.35_min_oi60_z-0.2_min_ret60_z1_XP60__trail_tp8.0_tp220.0_sl10.0_tr8.0_f0.25_c1_t1440,short,short_premoon_hybrid_model,,"{""adverse_floor"": -8.0, ""extra_pick_symbols"": 60.0, ""horizon_bars"": 288.0, ""min_funding_z"": 0.35, ""min_oi60_z"": -0.2, ""min_ret60_z"": 1.0, ""model_weight"": 0.9, ""monthly_per_symbol"": 1.0, ""picks_per_symbol_train_dev"": 1.0, ""requested_extra_pick_symbols"": 60.0, ""selected_symbols"": 190.0, ""target_pct"": 5.0}",trail_tp8.0_tp220.0_sl10.0_tr8.0_f0.25_c1_t1440,,,,,,,,,,,strong-general,CANDIDATE,,,,190,0.3815261044176707,,0.0470219435736677,0.1755485893416928,,,,,319,6.113656997680664,0.9310344827586208,309.51396999371127,1950.256591796875,6.241966247558594,,6.0186052322387695,,5.81589937210083,0.8904109589041096,,,,,,,,,,,,,,,,,,premoon_hybrid_leaderboard_short_distribution_extra_pick_sel190_195.csv,S_PREMOON_T5_A8_MW0.9_MPS1_P1_SEL190_min_funding_z0.35_min_oi60_z-0.2_min_ret60_z1_XP60,5.81589937210083,True,20.91000752484748
